target_name	KE_lactobacillus_man_1	KL_bin.6	KL_meg_bin.13	KS_bin.68	KS_meg_bin.20	KS_meg_bin.88	LM_bin.44	LM_meg_bin.37	LO_bin.20	LP_bin.86	LP_meg_bin.101
AA1	0	0	0	0	0	0	0	0	0	0	0
AA3	0	0	0	0	0	0	0	0	0	0	0
AA5	0	0	0	0	0	0	0	0	0	0	0
CE1	0	0	0	1	0	3	0	0	0	0	0
CE10	0	0	0	0	0	0	0	0	0	0	0
CE11	0	0	0	0	0	0	0	0	0	0	0
CE12	0	0	0	0	0	0	0	0	0	0	0
CE14	0	0	0	0	0	0	0	0	0	0	0
CE2	0	0	0	0	0	0	0	0	0	0	0
CE3	0	0	0	0	0	0	0	0	0	0	0
CE4	0	0	0	0	0	0	0	0	0	0	0
CE5	0	0	0	0	0	0	0	0	0	0	0
CE6	0	0	0	0	0	0	0	0	0	0	0
CE7	0	0	0	0	0	0	0	0	0	0	0
CE8	0	0	0	0	0	0	0	0	0	0	0
CE9	1	0	0	0	1	0	1	1	1	1	1
GH1	4.909090909090909	4	4	0	3	0	3	7	3	4.909090909090909	0
GH10	0	0	0	0	1	0	1	2	1	0	0
GH100	1	0	0	0	0	0	0	0	0	1	0
GH101	0	0	0	0	0	0	0	0	0	0	0
GH105	0	0	0	0	0	0	0	0	0	0	0
GH106	0	0	0	0	1	0	1	0	1	0	0
GH108	0	0	0	0	0	0	0	0	0	0	0
GH11	0	0	0	0	0	0	0	0	0	0	0
GH110	0.09090909090909091	1	1	0	1	0	1	0	1	0.09090909090909091	0
GH112	0	1	1	1	1	1	1	1	1	0	1
GH113	0	0	0	0	0	0	0	0	0	0	0
GH114	0	0	0	0	0	0	0	0	0	0	0
GH116	0	3	3	1	3	1	3	1	3	0	0
GH118	0	0	0	0	0	0	0	0	0	0	0
GH119	0	1	1	0	0	0	0	0	0	0	0
GH12	0	0	0	0	1	0	1	2	1	0	0
GH120	0	0	0	0	0	0	0	0	0	0	0
GH122	2	1	1	1	0	0	0	0	0	2	0
GH124	0	0	0	0	1	0	1	2	1	0	0
GH127	0	0	0	0	0	0	0	0	0	0	0
GH128	0	0	0	0	0	0	0	0	0	0	0
GH13	2	1	1	1	1	2	1	1	1	2	1
GH134	0	0	0	0	0	0	0	0	0	0	0
GH136	0	0	0	0	0	0	0	0	0	0	0
GH137	0	0	0	0	0	0	0	0	0	0	0
GH141	0	1	1	0	0	0	0	1	0	0	0
GH142	0	0	0	0	0	0	0	0	0	0	0
GH146	0	0	0	0	0	0	0	0	0	0	0
GH147	3.6363636363636362	4	4	0	3	0	3	7	3	3.6363636363636362	0
GH15	1	0	0	0	0	0	0	0	0	1	0
GH151	0	1	1	0	0	0	0	1	0	0	0
GH152	0	0	0	0	0	0	0	0	0	0	0
GH156	0	0	0	0	0	0	0	0	0	0	0
GH157	0	0	0	0	0	0	0	0	0	0	0
GH158	0	0	0	0	0	0	0	0	0	0	0
GH159	0	0	0	0	0	0	0	0	0	0	0
GH16	0	0	0	0	0	0	0	0	0	0	0
GH164	0	0	0	0	0	0	0	0	0	0	0
GH165	3.6363636363636362	4	4	0	3	0	3	7	3	3.6363636363636362	0
GH17	0	0	0	0	0	0	0	0	0	0	0
GH18	0	0	0	0	0	0	0	0	0	0	0
GH19	0	0	0	0	0	0	0	0	0	0	0
GH2	3.6363636363636362	4	4	0	3	0	3	7	3	3.6363636363636362	0
GH20	0	3	3	1	1	1	1	1	1	0	0
GH22	0	0	0	0	0	0	0	0	0	0	0
GH23	0	0	0	0	0	0	0	0	0	0	0
GH24	0	0	0	0	0	0	0	0	0	0	0
GH25	0	0	0	0	0	0	0	0	0	0	0
GH26	0	0	0	0	0	0	0	0	0	0	0
GH27	0.09090909090909091	1	1	0	1	0	1	0	1	0.09090909090909091	0
GH28	0	0	0	0	1	0	1	0	1	0	0
GH29	0	1	1	0	0	0	0	1	0	0	0
GH3	0	3	3	1	3	1	3	1	3	0	0
GH30	0	0	0	0	0	0	0	0	0	0	0
GH31	2	1	1	1	1	0	1	0	1	2	0
GH32	1	0	0	0	0	0	0	0	0	1	0
GH33	0	0	0	0	0	0	0	0	0	0	0
GH34	0	0	0	0	0	0	0	0	0	0	0
GH35	3.6363636363636362	4	4	0	3	0	3	7	3	3.6363636363636362	0
GH36	0.09090909090909091	1	1	0	1	0	1	0	1	0.09090909090909091	0
GH37	0	0	0	0	0	0	0	0	0	0	0
GH38	0	0	0	0	0	0	0	0	0	0	0
GH39	0	0	0	0	0	0	0	0	0	0	0
GH4	4.909090909090909	1	1	1	1	0	1	0	1	4.909090909090909	0
GH42	3.6363636363636362	4	4	0	3	0	3	7	3	3.6363636363636362	0
GH43	0	0	0	0	0	0	0	0	0	0	0
GH44	0	0	0	0	1	0	1	2	1	0	0
GH45	0	0	0	0	1	0	1	2	1	0	0
GH47	0	0	0	0	0	0	0	0	0	0	0
GH48	0	0	0	0	1	0	1	2	1	0	0
GH49	0	0	0	0	0	0	0	0	0	0	0
GH5	0	3	3	1	3	1	3	2	3	0	0
GH50	0	0	0	0	0	0	0	0	0	0	0
GH51	0	0	0	0	1	0	1	2	1	0	0
GH52	0	0	0	0	0	0	0	0	0	0	0
GH53	0	0	0	0	0	0	0	0	0	0	0
GH54	0	0	0	0	0	0	0	0	0	0	0
GH55	0	0	0	0	0	0	0	0	0	0	0
GH56	0	0	0	0	0	0	0	0	0	0	0
GH57	0.09090909090909091	1	1	1	1	2	1	1	1	0.09090909090909091	1
GH59	3.6363636363636362	4	4	0	3	0	3	7	3	3.6363636363636362	0
GH6	0	0	0	0	1	0	1	2	1	0	0
GH62	0	0	0	0	0	0	0	0	0	0	0
GH63	2	1	1	1	0	0	0	0	0	2	0
GH64	0	0	0	0	0	0	0	0	0	0	0
GH65	1	1	1	1	1	1	1	1	1	1	1
GH66	0	0	0	0	0	0	0	0	0	0	0
GH68	1	0	0	0	0	0	0	0	0	1	0
GH7	0	0	0	0	1	0	1	2	1	0	0
GH70	0	0	0	0	0	0	0	0	0	0	0
GH71	0	0	0	0	0	0	0	0	0	0	0
GH73	0	0	0	0	0	0	0	0	0	0	0
GH74	0	0	0	0	1	0	1	2	1	0	0
GH76	2	1	1	1	0	0	0	0	0	2	0
GH77	0	0	0	1	0	2	0	1	0	0	1
GH78	0	0	0	0	1	0	1	0	1	0	0
GH79	0	0	0	0	0	0	0	0	0	0	0
GH8	0	0	0	0	1	0	1	2	1	0	0
GH81	0	0	0	0	0	0	0	0	0	0	0
GH82	0	0	0	0	0	0	0	0	0	0	0
GH83	0	0	0	0	0	0	0	0	0	0	0
GH84	0	3	3	1	1	1	1	1	1	0	0
GH85	0	0	0	0	0	0	0	0	0	0	0
GH86	0	0	0	0	0	0	0	0	0	0	0
GH87	0	0	0	0	0	0	0	0	0	0	0
GH89	0	0	0	0	0	0	0	0	0	0	0
GH9	0	0	0	0	3	0	3	2	3	0	0
GH91	0	0	0	0	0	0	0	0	0	0	0
GH92	0	0	0	0	0	0	0	0	0	0	0
GH94	0	0	0	0	0	0	0	0	0	0	0
GH95	0	1	1	0	0	0	0	1	0	0	0
GH96	0	0	0	0	0	0	0	0	0	0	0
GH97	2	1	1	1	1	0	1	0	1	2	0
GH98	0	0	0	0	0	0	0	0	0	0	0
GT1	0	1	1	1	1	2	1	1	1	0	1
GT10	0	1	1	1	1	1	1	1	1	0	1
GT103	0	0	0	0	0	0	0	0	0	0	0
GT105	0.9090909090909091	0	0	0	0	0	0	0	0	0.9090909090909091	0
GT13	0.9090909090909091	0	0	0	0	0	0	0	0	0.9090909090909091	0
GT14	0.9090909090909091	0	0	0	0	0	0	0	0	0.9090909090909091	0
GT15	0	0	0	0	0	0	0	0	0	0	0
GT16	0	0	0	0	0	0	0	0	0	0	0
GT17	0	0	0	0	0	0	0	0	0	0	0
GT18	0	0	0	0	0	0	0	0	0	0	0
GT19	0	1	1	1	1	1	1	1	1	0	1
GT2	0	1	1	1	1	1	1	1	1	0	1
GT20	0	1	1	1	1	1	1	1	1	0	1
GT21	0	0	0	0	0	0	0	0	0	0	0
GT22	0	0	0	1	0	2	0	1	0	0	1
GT25	0	0	0	0	0	0	0	0	0	0	0
GT28	0	0	0	0	0	0	0	0	0	0	0
GT29	0	0	0	0	0	0	0	0	0	0	0
GT3	0	1	1	0	0	0	0	0	0	0	0
GT31	0	0	0	0	0	0	0	0	0	0	0
GT33	0	0	0	0	0	0	0	0	0	0	0
GT35	0	1	1	1	1	1	1	2	1	0	2
GT39	0.9090909090909091	0	0	0	0	0	0	0	0	0.9090909090909091	0
GT4	0	0	0	1	0	2	0	1	0	0	1
GT41	0	0	0	1	0	2	0	1	0	0	1
GT43	0	0	0	0	0	0	0	0	0	0	0
GT47	0	0	0	0	0	0	0	0	0	0	0
GT48	0	0	0	0	0	0	0	0	0	0	0
GT5	0	1	1	1	1	1	1	1	1	0	1
GT51	0	0	0	0	0	0	0	0	0	0	0
GT54	0	0	0	0	0	0	0	0	0	0	0
GT55	0	1	1	1	1	1	1	1	1	0	1
GT58	0	0	0	1	0	2	0	1	0	0	1
GT59	0	0	0	1	0	2	0	1	0	0	1
GT6	0	0	0	0	0	0	0	0	0	0	0
GT64	0	0	0	0	0	0	0	0	0	0	0
GT66	0	0	0	0	0	0	0	0	0	0	0
GT7	0	0	0	0	0	0	0	0	0	0	0
GT70	0	0	0	0	0	0	0	0	0	0	0
GT77	0	0	0	0	0	0	0	0	0	0	0
GT8	0	1	1	1	1	1	1	1	1	0	1
GT80	0	0	0	0	0	0	0	0	0	0	0
GT83	0	0	0	0	0	0	0	0	0	0	0
GT9	0	0	0	0	0	0	0	0	0	0	0
PL1	0	0	0	0	0	0	0	0	0	0	0
PL10	0	0	0	0	0	0	0	0	0	0	0
PL11	0	0	0	0	0	0	0	0	0	0	0
PL12	0	0	0	0	0	0	0	0	0	0	0
PL13	0	0	0	0	0	0	0	0	0	0	0
PL14	0	0	0	0	0	0	0	0	0	0	0
PL15	0	0	0	0	0	0	0	0	0	0	0
PL16	0	0	0	0	0	0	0	0	0	0	0
PL17	0	0	0	0	0	0	0	0	0	0	0
PL18	0	0	0	0	0	0	0	0	0	0	0
PL2	0	0	0	0	0	0	0	0	0	0	0
PL21	0	0	0	0	0	0	0	0	0	0	0
PL22	0	0	0	0	0	0	0	0	0	0	0
PL26	0	0	0	0	0	0	0	0	0	0	0
PL29	0	0	0	0	0	0	0	0	0	0	0
PL3	0	0	0	0	0	0	0	0	0	0	0
PL30	0	0	0	0	0	0	0	0	0	0	0
PL32	0	0	0	0	0	0	0	0	0	0	0
PL33	0	0	0	0	0	0	0	0	0	0	0
PL35	0	0	0	0	0	0	0	0	0	0	0
PL36	0	0	0	0	0	0	0	0	0	0	0
PL37	0	0	0	0	0	0	0	0	0	0	0
PL4	0	0	0	0	0	0	0	0	0	0	0
PL5	0	0	0	0	0	0	0	0	0	0	0
PL6	0	0	0	0	0	0	0	0	0	0	0
PL7	0	0	0	0	0	0	0	0	0	0	0
PL8	0	0	0	0	0	0	0	0	0	0	0
PL9	0	0	0	0	0	0	0	0	0	0	0
